k,GMM,Kmeans
2,0.2893758459678928,0.2825475705679605
5,0.26789087669628003,0.3711347381583172
10,0.18162233707515066,0.30222018156949426
15,0.15058756035187537,0.3127938347379102
20,0.06625922722202843,0.2949437842684825
25,0.03327740031441185,0.30282379466839304
30,0.0032897292958836907,0.30083626001999214
35,0.040746368993014696,0.31080700630431174
40,0.03572096706616968,0.3171864595335444
45,0.009493477395138292,0.31632641163203046
50,-0.015516494811550196,0.3161889245965802
