k,GMM,Kmeans
2,0.07139633394869745,0.1366781766011281
5,0.045997757995318585,0.08439470858923052
10,0.07062614590951426,0.06268795253868038
15,0.06692580145541371,0.06091390239999257
20,0.0629934990673512,0.054932428132381896
25,0.059912193696772476,0.05777892459708762
30,0.053198502149026786,0.05572278084800275
35,0.051515075167550814,0.0528465927678227
40,0.05375295078115438,0.0529556647316789
45,0.0511742451061245,0.05199635532089983
50,0.05080183217517512,0.05068457631987134
