k,GMM,Kmeans
2,0.7732593544894784,0.7510657013329725
5,0.7722444008390283,0.7593883212666621
10,0.7777251505514582,0.8066851613776305
15,0.7840855267609446,0.809797685905677
20,0.7930171188849042,0.8151431084647135
25,0.8008660937817172,0.8082414236416537
30,0.7939644089586576,0.8105419852493403
35,0.8026253467758305,0.8129102104337236
40,0.8113539481697003,0.8169023614588267
45,0.8065498342242371,0.8150077813113201
50,0.8046552540767304,0.8181203058393667
